formula,frac_Al,frac_Cr,frac_Mn,frac_Fe,frac_Co,frac_Ni,frac_Cu,frac_Mo,enthalpy,entropy,delta,Tm,x_e,x_ch,potential_energy,deltaG,omega,VEC,mendeleev_no,electrical_resistivity,velocity_of_sound,reflectivity,poissons_ratio,molar_volume,thermal_conductivity,boiling_point,melting_point,superconduction_temperature,liquid_range,bulk_modulus,youngs_modulus,brinell_hardness,rigidity_modulus,vickers_hardness,density_of_solid,atomic_radius_calculated,van_der_waals_radius,coefficient_of_linear_thermal_expansion,hardness_true
Al3Ni,0.75,0,0,0,0,0.25,0,0,-16.5,4.675514539,0.033961781,1132.1025,0.091289983,0,0.091289983,-1419.154362,0.320797679,4.75,76.75,3.83E-08,5067.5,71.25,0.34,9.1475,199,2890.5,1132.1025,1.13125,1758.3975,102,102.5,358.75,38.5,284.75,4252,1.2575,1.8725,2.07E-05,300
CrFeMo0.1Ni2,0,0.243902439,0,0.243902439,0,0.487804878,0,0.024390244,-4.90184414,9.387252868,0.019805739,1886.97561,0.06115276,0.059470888,0.120623647,-2821.077705,3.613643498,8.292682927,62.82926829,9.18E-08,5221.707317,52.63414634,0.280731707,6.936097561,90.2195122,3156.390244,1886.97561,0.997926829,1269.414634,173.902439,225.097561,770.7317073,85.6097561,755.3658537,8258.04878,1.558536585,2.013902439,1.07E-05,228
CrFeMo0.2Ni2,0,0.238095238,0,0.238095238,0,0.476190476,0,0.047619048,-5.034013605,9.824820837,0.021152761,1911,0.065311862,0.060171992,0.125483854,-2952.480265,3.729674588,8.095238095,62.66666667,9.10E-08,5244.761905,52.76190476,0.281428571,6.994285714,91.38095238,3198.190476,1911,0.995952381,1287.190476,175.2380952,227.5714286,788.0952381,84.04761905,773.8095238,8306.190476,1.566666667,2.017619048,1.06E-05,238
CrFeMo0.3Ni2,0,0.23255814,0,0.23255814,0,0.465116279,0,0.069767442,-5.148729043,10.14546599,0.022289396,1933.906977,0.068821368,0.060773004,0.129594372,-3048.788527,3.810724414,7.906976744,62.51162791,9.01E-08,5266.744186,52.88372093,0.282093023,7.049767442,92.48837209,3238.046512,1933.906977,0.994069767,1304.139535,176.5116279,229.9302326,804.6511628,82.55813953,791.3953488,8352.093023,1.574418605,2.021162791,1.05E-05,239
CrFeMo0.4Ni2,0,0.227272727,0,0.227272727,0,0.454545455,0,0.090909091,-5.247933884,10.39172134,0.023260091,1955.772727,0.071818515,0.061290214,0.133108729,-3122.764335,3.872732704,7.727272727,62.36363636,8.93E-08,5287.727273,53,0.282727273,7.102727273,93.54545455,3276.090909,1955.772727,0.992272727,1320.318182,177.7272727,232.1818182,820.4545455,81.13636364,808.1818182,8395.909091,1.581818182,2.024545455,1.03E-05,269
CrFeMo0.5Ni2,0,0.222222222,0,0.222222222,0,0.444444444,0,0.111111111,-5.333333333,10.58454652,0.024096386,1976.666667,0.07440068,0.061736496,0.136137176,-3180.697288,3.922897553,7.555555556,62.22222222,8.86E-08,5307.777778,53.11111111,0.283333333,7.153333333,94.55555556,3312.444444,1976.666667,0.990555556,1335.777778,178.8888889,234.3333333,835.5555556,79.77777778,824.2222222,8437.777778,1.588888889,2.027777778,1.02E-05,301
CoCrFeNi2,0,0.2,0,0.2,0.2,0.4,0,0,-3.84,11.07635283,0.017879487,1843,0.050867013,0.059335422,0.110202435,-3326.745849,5.316072465,8.6,63.2,8.62E-08,5102,55.4,0.286,6.834,91.2,3130,1843,1,1287,174,219.8,742,84.8,797.4,8346,1.544,2.008,1.13E-05,116
AlCrFeNi,0.25,0.25,0,0.25,0,0.25,0,0,-13.25,11.52629264,0.045360921,1663.1175,0.125904044,0.098331083,0.224235128,-3471.137793,1.44676068,6.75,66.25,8.15E-08,5230,52.25,0.29,7.7275,125,3014,1663.1175,1.04375,1350.8825,146.5,190,638.75,74.75,618.25,6655.5,1.4725,1.9775,1.33E-05,472
CoCrFeNi,0,0.25,0,0.25,0.25,0.25,0,0,-3.75,11.52629264,0.018181818,1871.75,0.051727143,0.057285008,0.109012151,-3461.637793,5.753156868,8.25,62.25,8.98E-08,5135,51.25,0.28,6.895,91.25,3116,1871.75,1,1244.25,172.5,224.75,752.5,87,837.25,8205.5,1.5575,2.0175,1.08E-05,135
CoCrFeNi,0,0.25,0,0.25,0.25,0.25,0,0,-3.75,11.52629264,0.018181818,1871.75,0.051727143,0.057285008,0.109012151,-3461.637793,5.753156868,8.25,62.25,8.98E-08,5135,51.25,0.28,6.895,91.25,3116,1871.75,1,1244.25,172.5,224.75,752.5,87,837.25,8205.5,1.5575,2.0175,1.08E-05,135
Al2CoCrFe,0.4,0.2,0,0.2,0.2,0,0,0,-13.76,11.07635283,0.050994962,1525.188,0.141724971,0.094784773,0.236509744,-3336.665849,1.227726775,5.8,68.4,6.82E-08,5154,55,0.302,8.198,148.8,2972.4,1525.188,1.07,1447.212,132.4,167.8,560,64.8,609,5862.8,1.42,1.956,1.52E-05,509
Al0.2CrCuFeNi2,0.038461538,0.192307692,0,0.192307692,0,0.384615385,0.192307692,0,0.118343195,12.00579313,0.024395082,1729.127692,0.066869201,0.109524262,0.176393464,-3601.619597,175.4181922,8.769230769,65.38461538,7.57E-08,4880.769231,60.42307692,0.294230769,7.040384615,154.4230769,3117,1729.127692,1.006730769,1387.872308,162.5384615,198.8461538,756.3461538,77.34615385,643.5384615,8132.692308,1.516538462,1.993846154,1.24E-05,161
Al0.4CrCuFeNi2,0.074074074,0.185185185,0,0.185185185,0,0.37037037,0.185185185,0,-1.700960219,12.45133316,0.028861501,1699.658889,0.079112075,0.113314833,0.192426908,-3737.10091,12.44180719,8.555555556,65.92592593,7.39E-08,4888.888889,60.81481481,0.296296296,7.15,157.4074074,3104.962963,1699.658889,1.012962963,1405.304074,159.3333333,194.0740741,737.4074074,75.44444444,625.8888889,7931.481481,1.504074074,1.988148148,1.28E-05,200
Al0.5CrCuFeNi2,0.090909091,0.181818182,0,0.181818182,0,0.363636364,0.181818182,0,-2.512396694,12.60229711,0.03065268,1685.728182,0.084021864,0.114865647,0.198887512,-3783.201529,8.455689915,8.454545455,66.18181818,7.30E-08,4892.727273,61,0.297272727,7.201818182,158.8181818,3099.272727,1685.728182,1.015909091,1413.544545,157.8181818,191.8181818,728.4545455,74.54545455,617.5454545,7836.363636,1.498181818,1.985454545,1.30E-05,235
Al0.5CrCuFeNi2,0.090909091,0.181818182,0,0.181818182,0,0.363636364,0.181818182,0,-2.512396694,12.60229711,0.03065268,1685.728182,0.084021864,0.114865647,0.198887512,-3783.201529,8.455689915,8.454545455,66.18181818,7.30E-08,4892.727273,61,0.297272727,7.201818182,158.8181818,3099.272727,1685.728182,1.015909091,1413.544545,157.8181818,191.8181818,728.4545455,74.54545455,617.5454545,7836.363636,1.498181818,1.985454545,1.30E-05,218
Al0.7CrCuFeNi2,0.122807018,0.175438596,0,0.175438596,0,0.350877193,0.175438596,0,-3.964296707,12.81307598,0.033632055,1659.333158,0.092188608,0.117451821,0.209640429,-3847.887092,5.363161087,8.263157895,66.66666667,7.14E-08,4900,61.35087719,0.299122807,7.3,161.4912281,3088.491228,1659.333158,1.021491228,1429.15807,154.9473684,187.5438596,711.4912281,72.84210526,601.7368421,7656.140351,1.487017544,1.980350877,1.34E-05,275
Al0.25CoCrFeNi1.75,0.05,0.2,0,0.2,0.2,0.35,0,0,-6.62,12.3294094,0.026159078,1803.2735,0.073225898,0.094666233,0.167892131,-3705.44282,3.358504115,8.25,63.85,8.40E-08,5108.5,55.35,0.288,7.0045,98.4,3110.3,1803.2735,1.00875,1307.0265,168.8,213.3,719.25,82.3,773.85,8035.6,1.5285,2.0015,1.18E-05,110
Al0.8CrCuFeNi2,0.137931034,0.172413793,0,0.172413793,0,0.344827586,0.172413793,0,-4.613555291,12.88425814,0.034886787,1646.818276,0.095627947,0.11853548,0.214163427,-3869.890997,4.599063072,8.172413793,66.89655172,7.07E-08,4903.448276,61.51724138,0.3,7.346551724,162.7586207,3083.37931,1646.818276,1.024137931,1436.561034,153.5862069,185.5172414,703.4482759,72.03448276,594.2413793,7570.689655,1.481724138,1.977931034,1.35E-05,315
AlCrCuFeNi2,0.166666667,0.166666667,0,0.166666667,0,0.333333333,0.166666667,0,-5.777777778,12.97646835,0.037037037,1623.04,0.101521984,0.120372297,0.22189428,-3898.718284,3.645229707,8,67.33333333,6.92E-08,4910,61.83333333,0.301666667,7.435,165.1666667,3073.666667,1623.04,1.029166667,1450.626667,151,181.6666667,688.1666667,70.5,580,7408.333333,1.471666667,1.973333333,1.38E-05,390
Al0.375CoCrFeNi1.625,0.075,0.2,0,0.2,0.2,0.325,0,0,-7.845,12.68130208,0.029300403,1783.41025,0.082019261,0.097093117,0.179112378,-3812.235624,2.882850748,8.075,64.175,8.28E-08,5111.75,55.325,0.289,7.08975,102,3100.45,1783.41025,1.013125,1317.03975,166.2,210.05,707.875,81.05,762.075,7880.4,1.52075,1.99825,1.20E-05,131
Al1.2CrCuFeNi2,0.193548387,0.161290323,0,0.161290323,0,0.322580645,0.161290323,0,-6.784599376,13.01766631,0.038806831,1600.795806,0.106373153,0.12185315,0.228226303,-3912.084492,3.071460006,7.838709677,67.74193548,6.78E-08,4916.129032,62.12903226,0.303225806,7.517741935,167.4193548,3064.580645,1600.795806,1.033870968,1463.784839,148.5806452,178.0645161,673.8709677,69.06451613,566.6774194,7256.451613,1.462258065,1.969032258,1.41E-05,520
Al1.5CrCuFeNi2,0.230769231,0.153846154,0,0.153846154,0,0.307692308,0.153846154,0,-8.047337278,13.01177856,0.040925091,1569.996154,0.112179504,0.123566964,0.235746468,-3911.580904,2.538534373,7.615384615,68.30769231,6.60E-08,4924.615385,62.53846154,0.305384615,7.632307692,170.5384615,3052,1569.996154,1.040384615,1482.003846,145.2307692,173.0769231,654.0769231,67.07692308,548.2307692,7046.153846,1.449230769,1.963076923,1.46E-05,550
Al0.5CoCrFeNi1.5,0.1,0.2,0,0.2,0.2,0.3,0,0,-8.96,12.94655865,0.032050728,1763.547,0.089718118,0.099013691,0.18873181,-3892.927594,2.548199181,7.9,64.5,8.17E-08,5115,55.3,0.29,7.175,105.6,3090.6,1763.547,1.0175,1327.053,163.6,206.8,696.5,79.8,750.3,7725.2,1.513,1.995,1.23E-05,159
Al1.8CrCuFeNi2,0.264705882,0.147058824,0,0.147058824,0,0.294117647,0.147058824,0,-9.065743945,12.94948624,0.042560257,1541.914118,0.116661645,0.124822789,0.241484434,-3893.911616,2.202466314,7.411764706,68.82352941,6.42E-08,4932.352941,62.91176471,0.307352941,7.736764706,173.3823529,3040.529412,1541.914118,1.046323529,1498.615294,142.1764706,168.5294118,636.0294118,65.26470588,531.4117647,6854.411765,1.437352941,1.957647059,1.49E-05,555
Al2CrCuFeNi2,0.285714286,0.142857143,0,0.142857143,0,0.285714286,0.142857143,0,-9.632653061,12.88597072,0.043444056,1524.53,0.119084221,0.125465192,0.244549413,-3875.42387,2.039422454,7.285714286,69.14285714,6.32E-08,4937.142857,63.14285714,0.308571429,7.801428571,175.1428571,3033.428571,1524.53,1.05,1508.898571,140.2857143,165.7142857,624.8571429,64.14285714,521,6735.714286,1.43,1.954285714,1.52E-05,565
Al2.2CrCuFeNi2,0.305555556,0.138888889,0,0.138888889,0,0.277777778,0.138888889,0,-10.12345679,12.80944915,0.044194174,1508.111667,0.121140365,0.125982204,0.247122569,-3852.958201,1.908249336,7.166666667,69.44444444,6.22E-08,4941.666667,63.36111111,0.309722222,7.8625,176.8055556,3026.722222,1508.111667,1.053472222,1518.610556,138.5,163.0555556,614.3055556,63.08333333,511.1666667,6623.611111,1.423055556,1.951111111,1.54E-05,575
Al2.5CrCuFeNi2,0.333333333,0.133333333,0,0.133333333,0,0.266666667,0.133333333,0,-10.73777778,12.67650848,0.045112782,1485.126,0.123658356,0.126565567,0.250223923,-3813.690321,1.753268946,7,69.86666667,6.08E-08,4948,63.66666667,0.311333333,7.948,179.1333333,3017.333333,1485.126,1.058333333,1532.207333,136,159.3333333,599.5333333,61.6,497.4,6466.666667,1.413333333,1.946666667,1.57E-05,596
Al0.25CoCrFe1.25Ni1.25,0.052631579,0.210526316,0,0.263157895,0.210526316,0.263157895,0,0,-6.371191136,12.58529863,0.027060091,1811.603684,0.07574806,0.09464231,0.170390371,-3781.960779,3.578541732,8.052631579,63.36842105,8.61E-08,5112.631579,54.10526316,0.285789474,7.052631579,98.21052632,3103.578947,1811.603684,1.009210526,1291.975263,167.6842105,214.5789474,709.2105263,82.94736842,779.4210526,7935.263158,1.534210526,2.006842105,1.16E-05,161
Al0.75CoCrFeNi1.25,0.15,0.2,0,0.2,0.2,0.25,0,0,-10.86,13.27656996,0.036715404,1723.8205,0.10277573,0.101623718,0.204399448,-3993.830987,2.107405475,7.55,65.15,7.95E-08,5121.5,55.25,0.292,7.3455,112.8,3070.9,1723.8205,1.02625,1347.0795,158.4,200.3,673.75,77.3,726.75,7414.8,1.4975,1.9885,1.28E-05,388
AlCrFeMo0.2Ni,0.238095238,0.238095238,0,0.238095238,0,0.238095238,0,0.047619048,-12.65306122,12.56917623,0.046829218,1721.82619,0.14009096,0.09920026,0.23929122,-3783.40593,1.710411136,6.428571429,65.76190476,8.02E-08,5275.714286,52.52380952,0.290952381,7.806190476,125.6666667,3104.380952,1721.82619,1.037619048,1382.554762,150.4761905,196.6190476,679.7619048,72.14285714,661.6666667,6828.095238,1.492857143,1.986666667,1.29E-05,549
CoCrFeMo0.3Ni,0,0.23255814,0,0.23255814,0.23255814,0.23255814,0,0.069767442,-4.153596539,12.82599916,0.022289396,1943.209302,0.067812177,0.059010222,0.126822399,-3851.953346,6.000486724,7.674418605,61.81395349,8.73E-08,5208.604651,51.72093023,0.282093023,7.068372093,94.58139535,3241.302326,1943.209302,0.994069767,1298.093023,176.5116279,232.0232558,804.6511628,82.3255814,885.5813953,8350.232558,1.581395349,2.028139535,1.04E-05,200
Al0.875CoCrFeNi1.125,0.175,0.2,0,0.2,0.2,0.225,0,0,-11.645,13.35556057,0.038728885,1703.95725,0.108411976,0.102400606,0.210812582,-4018.313172,1.954255412,7.375,65.475,7.83E-08,5124.75,55.225,0.293,7.43075,116.4,3061.05,1703.95725,1.030625,1357.09275,155.8,197.05,662.375,76.05,714.975,7259.6,1.48975,1.98525,1.30E-05,538
AlCoCrCu0.5Ni,0.222222222,0.222222222,0,0,0.222222222,0.222222222,0.111111111,0,-10.17283951,13.14594488,0.038479745,1619.634444,0.105612301,0.12015642,0.225768721,-3953.956304,2.092987422,7.444444444,67.55555556,6.55E-08,5003.333333,56.88888889,0.3,7.565555556,160,3049.333333,1619.634444,1.038888889,1429.698889,148,182.8888889,711.5555556,70.22222222,687.2222222,7135.111111,1.461111111,1.966666667,1.39E-05,496
Al0.5CoCrFeNi,0.111111111,0.222222222,0,0.222222222,0.222222222,0.222222222,0,0,-9.086419753,13.14594488,0.033658005,1767.496667,0.094217296,0.098453344,0.19267064,-3952.869884,2.557158308,7.666666667,64.22222222,8.28E-08,5131.111111,53.44444444,0.287777778,7.24,107.2222222,3080,1767.496667,1.019444444,1312.503333,161.7777778,207.5555556,696.1111111,80.22222222,762.7777778,7593.777778,1.515555556,1.997777778,1.21E-05,247
AlCoFeMo0.5Ni,0.222222222,0,0,0.222222222,0.222222222,0.222222222,0,0.111111111,-12.74074074,13.14594488,0.046193301,1708.548889,0.138896375,0.106472354,0.245368729,-3956.524205,1.762887259,6.666666667,66.66666667,6.37E-08,5065.555556,67.55555556,0.314444444,7.786666667,127.8888889,3281.777778,1708.548889,1.029444444,1573.228889,160.2222222,189.8888889,641.1111111,59.77777778,715.7777778,7449.333333,1.488888889,1.985555556,1.42E-05,605
AlCrFeMo0.5Ni,0.222222222,0.222222222,0,0.222222222,0,0.222222222,0,0.111111111,-11.85185185,13.14594488,0.048294529,1800.104444,0.144474479,0.097315966,0.241790445,-3955.635316,1.996656228,6,65.11111111,7.86E-08,5336.666667,52.88888889,0.292222222,7.911111111,126.5555556,3224.888889,1800.104444,1.029444444,1424.784444,155.7777778,205.4444444,734.4444444,68.66666667,719.5555556,7058.222222,1.52,1.998888889,1.24E-05,622
CoCrFeMo0.5Ni,0,0.222222222,0,0.222222222,0.222222222,0.222222222,0,0.111111111,-4.345679012,13.14594488,0.024096386,1985.555556,0.073309674,0.059600364,0.132910039,-3948.129143,6.006427032,7.333333333,61.55555556,8.59E-08,5252.222222,52,0.283333333,7.171111111,96.55555556,3315.555556,1985.555556,0.990555556,1330,178.8888889,236.3333333,835.5555556,79.55555556,914.2222222,8436,1.595555556,2.034444444,1.01E-05,310
CoCrFeMo0.5Ni,0,0.222222222,0,0.222222222,0.222222222,0.222222222,0,0.111111111,-4.345679012,13.14594488,0.024096386,1985.555556,0.073309674,0.059600364,0.132910039,-3948.129143,6.006427032,7.333333333,61.55555556,8.59E-08,5252.222222,52,0.283333333,7.171111111,96.55555556,3315.555556,1985.555556,0.990555556,1330,178.8888889,236.3333333,835.5555556,79.55555556,914.2222222,8436,1.595555556,2.034444444,1.01E-05,220
AlCrFeMo0.8Ni,0.208333333,0.208333333,0,0.208333333,0,0.208333333,0,0.166666667,-11.14583333,13.3514182,0.049160108,1868.597917,0.147063885,0.09559571,0.242659596,-4016.571293,2.238364013,5.625,64.54166667,7.71E-08,5390,53.20833333,0.293333333,8.002916667,127.3333333,3330.333333,1868.597917,1.022291667,1461.735417,160.4166667,213.1666667,782.2916667,65.625,770.2083333,7259.583333,1.54375,2.009583333,1.19E-05,854
CoCrFeMo0.85Ni,0,0.206185567,0,0.206185567,0.206185567,0.206185567,0,0.175257732,-4.574343713,13.36517775,0.026257214,2051.257732,0.079883675,0.060266981,0.140150656,-4014.12767,5.993302192,6.804123711,61.15463918,8.37E-08,5319.896907,52.43298969,0.285257732,7.330515464,99.6185567,3430.762887,2051.257732,0.985103093,1379.505155,182.5773196,243.0206186,883.5051546,75.25773196,958.6597938,8569.072165,1.617525773,2.044226804,9.73E-06,420
AlCoCrCuNi,0.2,0.2,0,0,0.2,0.2,0.2,0,-6.56,13.38161136,0.036559548,1593.448,0.10034209,0.120911667,0.221253757,-4021.043408,3.250442356,7.8,68,6.06E-08,4860,60.2,0.304,7.52,184,3064.4,1593.448,1.035,1470.952,147.2,177.6,727.8,68,655.4,7313.6,1.46,1.966,1.42E-05,419
AlCoCrFeNi,0.2,0.2,0,0.2,0.2,0.2,0,0,-12.32,13.38161136,0.040572041,1684.094,0.113571438,0.102859511,0.216430948,-4026.803408,1.829211964,7.2,65.8,7.72E-08,5128,55.2,0.294,7.516,120,3051.2,1684.094,1.035,1367.106,153.2,193.8,651,74.8,703.2,7104.4,1.482,1.982,1.32E-05,520
AlCoCrFeNi,0.2,0.2,0,0.2,0.2,0.2,0,0,-12.32,13.38161136,0.040572041,1684.094,0.113571438,0.102859511,0.216430948,-4026.803408,1.829211964,7.2,65.8,7.72E-08,5128,55.2,0.294,7.516,120,3051.2,1684.094,1.035,1367.106,153.2,193.8,651,74.8,703.2,7104.4,1.482,1.982,1.32E-05,484
AlCoCrFeNi,0.2,0.2,0,0.2,0.2,0.2,0,0,-12.32,13.38161136,0.040572041,1684.094,0.113571438,0.102859511,0.216430948,-4026.803408,1.829211964,7.2,65.8,7.72E-08,5128,55.2,0.294,7.516,120,3051.2,1684.094,1.035,1367.106,153.2,193.8,651,74.8,703.2,7104.4,1.482,1.982,1.32E-05,395
AlCrCuFeNi,0.2,0.2,0,0.2,0,0.2,0.2,0,-4,13.38161136,0.040572041,1602.048,0.111211761,0.120549249,0.23176101,-4018.483408,5.359495929,7.6,67.4,6.86E-08,4898,59.8,0.3,7.604,180,3051.2,1602.048,1.035,1449.152,145.2,178,685.8,69.4,568.4,7108.4,1.468,1.974,1.39E-05,342
AlCrFeMoNi,0.2,0.2,0,0.2,0,0.2,0,0.2,-10.72,13.38161136,0.049506058,1909.694,0.148098805,0.094528047,0.242626851,-4025.203408,2.383841691,5.4,64.2,7.62E-08,5422,53.4,0.294,8.058,127.8,3393.6,1909.694,1.018,1483.906,163.2,217.8,811,63.8,800.6,7380.4,1.558,2.016,1.16E-05,912
CrCuFeMnNi,0,0.2,0.2,0.2,0,0.2,0.2,0,2.72,13.38161136,0.017749926,1719.154,0.048329124,0.097435695,0.145764819,-4011.763408,8.457739226,8.4,63.4,3.51E-07,4908,45.8,0.43,7.074,134.56,2959.6,1719.154,1,1240.446,154,203.6,676,64.4,535.2,8062.4,1.554,2.016,1.37E-05,296
CoCrCuFeNi,0,0.2,0,0.2,0.2,0.2,0.2,0,3.2,13.38161136,0.017879487,1768.954,0.050054802,0.095005461,0.145060263,-4011.283408,7.397329669,8.8,64.2,7.52E-08,4822,59,0.292,6.938,153,3132.8,1768.954,1,1363.846,166,205.8,776.8,79.2,743.6,8348.4,1.536,2.006,1.19E-05,133
CoCrCuFeNi,0,0.2,0,0.2,0.2,0.2,0.2,0,3.2,13.38161136,0.017879487,1768.954,0.050054802,0.095005461,0.145060263,-4011.283408,7.397329669,8.8,64.2,7.52E-08,4822,59,0.292,6.938,153,3132.8,1768.954,1,1363.846,166,205.8,776.8,79.2,743.6,8348.4,1.536,2.006,1.19E-05,286
CoCrFeMnNi,0,0.2,0.2,0.2,0.2,0.2,0,0,-4.16,13.38161136,0.017749926,1801.2,0.049259254,0.06673352,0.115992774,-4018.643408,5.79398038,8,61.8,3.60E-07,5138,41.2,0.424,6.986,74.56,2959.6,1801.2,1,1158.4,162,219.4,641.2,69.8,670,8058.4,1.568,2.024,1.30E-05,144
CoCuFeMnNi,0,0,0.2,0.2,0.2,0.2,0.2,0,1.76,13.38161136,0.017879487,1636.754,0.048918159,0.089999149,0.138917308,-4012.723408,12.44454882,9,64.8,3.38E-07,4664,59,0.45,6.962,135.76,3010.8,1636.754,1,1374.046,158,189.6,592,56.4,531.8,8414.4,1.526,2.004,1.53E-05,209
CrCuFeMoNi,0,0.2,0,0.2,0,0.2,0.2,0.2,4.64,13.38161136,0.026918398,1994.554,0.080570461,0.110047942,0.190618403,-4009.843408,5.752229841,7,62.6,7.42E-08,5116,57.2,0.292,7.48,160.8,3475.2,1994.554,0.983,1480.646,176,229.8,936.8,68.2,841,8624.4,1.612,2.04,1.03E-05,263
Al1.5CoCrFeNi,0.272727273,0.181818182,0,0.181818182,0.181818182,0.181818182,0,0,-14.28099174,13.25463943,0.04445721,1615.855455,0.124447012,0.105123999,0.229571011,-3990.67282,1.499726476,6.818181818,67.09090909,7.26E-08,5125.454545,56.63636364,0.299090909,7.741818182,130.4545455,3027.636364,1615.855455,1.047727273,1411.780909,146.1818182,182.5454545,614.0909091,70.36363636,654.4545455,6704,1.454545455,1.969090909,1.41E-05,402
Al2CoCrFeNi,0.333333333,0.166666667,0,0.166666667,0.166666667,0.166666667,0,0,-15.44444444,12.97646835,0.046770717,1558.99,0.130923105,0.106262821,0.237185925,-3908.384951,1.309868055,6.5,68.16666667,6.88E-08,5123.333333,57.83333333,0.303333333,7.93,139.1666667,3008,1558.99,1.058333333,1449.01,140.3333333,173.1666667,583.3333333,66.66666667,613.8333333,6370.333333,1.431666667,1.958333333,1.49E-05,432
Al2.5CoCrFeNi,0.384615385,0.153846154,0,0.153846154,0.153846154,0.153846154,0,0,-16.09467456,12.63285037,0.048154341,1510.873077,0.134796219,0.106747463,0.241543682,-3805.949785,1.185897449,6.230769231,69.07692308,6.56E-08,5121.538462,58.84615385,0.306923077,8.089230769,146.5384615,2991.384615,1510.873077,1.067307692,1480.511538,135.3846154,165.2307692,557.3076923,63.53846154,579.4615385,6088,1.412307692,1.949230769,1.55E-05,487
Al1.25CoCrFeNi0.75,0.25,0.2,0,0.2,0.2,0.15,0,0,-13.34,13.27656996,0.04382835,1644.3675,0.122686672,0.102865152,0.225551824,-3996.310987,1.636548737,6.85,66.45,7.50E-08,5134.5,55.15,0.296,7.6865,127.2,3031.5,1644.3675,1.04375,1387.1325,148,187.3,628.25,72.3,679.65,6794,1.4665,1.9755,1.37E-05,487
Al3CoCrFeNi,0.428571429,0.142857143,0,0.142857143,0.142857143,0.142857143,0,0,-16.40816327,12.26446685,0.048948028,1469.63,0.137017949,0.106828702,0.243846651,-3695.748217,1.098491533,6,69.85714286,6.29E-08,5120,59.71428571,0.31,8.225714286,152.8571429,2977.142857,1469.63,1.075,1507.512857,131.1428571,158.4285714,535,60.85714286,550,5846,1.395714286,1.941428571,1.61E-05,506
Al0.3CrFe1.5MnNi0.5,0.069767442,0.23255814,0.23255814,0.348837209,0,0.11627907,0,0,-5.505678745,12.32012392,0.028866494,1758.032791,0.078274151,0.099767542,0.178041693,-3701.542854,3.933971238,7.186046512,61.86046512,4.10E-07,5225.581395,36.46511628,0.443023256,7.327906977,78.55813953,2885.953488,1758.032791,1.012209302,1127.920698,150.6511628,212.6744186,575.4651163,66.23255814,544.6744186,7368.604651,1.560232558,2.024883721,1.35E-05,297
Al0.5CrFe1.5MnNi0.5,0.111111111,0.222222222,0.222222222,0.333333333,0,0.111111111,0,0,-7.259259259,12.66255298,0.034686795,1721.385556,0.094056433,0.10073735,0.194793783,-3806.025153,3.002666665,7,62.66666667,3.93E-07,5220,38,0.438888889,7.446666667,85.51111111,2881.777778,1721.385556,1.019444444,1160.392222,147.3333333,206.3333333,560.7777778,64.44444444,527.8888889,7161.111111,1.543333333,2.016666667,1.39E-05,396
Al1.5CoCrFeNi0.5,0.3,0.2,0,0.2,0.2,0.1,0,0,-13.92,12.94655865,0.046604463,1604.641,0.130457716,0.101641264,0.232098979,-3897.887594,1.492426639,6.5,67.1,7.27E-08,5141,55.1,0.298,7.857,134.4,3011.8,1604.641,1.0525,1407.159,142.8,180.8,605.5,69.8,656.1,6483.6,1.451,1.969,1.42E-05,484
AlCoCrFeMo0.5,0.222222222,0.222222222,0,0.222222222,0.222222222,0,0,0.111111111,-10.27160494,13.14594488,0.048294529,1808.993333,0.144617843,0.092873278,0.237491121,-3954.055069,2.315210407,5.777777778,64.44444444,7.59E-08,5281.111111,51.77777778,0.292222222,7.928888889,128.5555556,3228,1808.993333,1.029444444,1419.006667,155.7777778,207.4444444,734.4444444,68.44444444,809.5555556,7056.444444,1.526666667,2.005555556,1.23E-05,904
Al2CoCrFeMo0.5Ni,0.307692308,0.153846154,0,0.153846154,0.153846154,0.153846154,0,0.076923077,-14.29585799,14.23307238,0.050286329,1661.836923,0.149524339,0.105832049,0.255356387,-4284.217573,1.654538345,6,67.23076923,6.78E-08,5205.384615,57.84615385,0.303846154,8.041538462,139.1538462,3154.461538,1661.836923,1.047307692,1492.624615,147.2307692,185.1538462,653.8461538,63.07692308,684.3076923,6671.076923,1.467692308,1.974615385,1.41E-05,615
Al1.5CoCrFeMo0.5Ni,0.25,0.166666667,0,0.166666667,0.166666667,0.166666667,0,0.083333333,-13.19444444,14.5349732,0.047814609,1722.534167,0.142174782,0.103779392,0.245954174,-4373.686404,1.897540139,6.25,66.16666667,7.12E-08,5214.166667,56.75,0.3,7.878333333,131.1666667,3184.666667,1722.534167,1.036666667,1462.1325,153.1666667,194.75,687.9166667,66.16666667,727.4166667,7002,1.491666667,1.985833333,1.34E-05,665
AlCo0.5CrFeMo0.5Ni,0.2,0.2,0,0.2,0.1,0.2,0,0.1,-11.72,14.53424062,0.045919103,1796.894,0.136538571,0.099451221,0.235989792,-4371.992187,2.228369434,6.3,65,7.67E-08,5275,54.3,0.294,7.787,123.9,3222.4,1796.894,1.0265,1425.506,158.2,205.8,731,69.3,751.9,7242.4,1.52,1.999,1.24E-05,780
AlCoCrFe0.6Mo0.5Ni,0.196078431,0.196078431,0,0.117647059,0.196078431,0.196078431,0,0.098039216,-12.3183391,14.61094927,0.044806749,1792.954902,0.133231032,0.102116057,0.235347089,-4395.60312,2.126648154,6.431372549,65.21568627,7.32E-08,5249.215686,54.70588235,0.295882353,7.732156863,125,3227.137255,1792.954902,1.025980392,1434.182353,159.4117647,205.7058824,746.8627451,68.8627451,791.7254902,7355.372549,1.516862745,1.995882353,1.25E-05,750
Al2CoCrCuFeNi,0.285714286,0.142857143,0,0.142857143,0.142857143,0.142857143,0.142857143,0,-8.653061224,14.53258396,0.043444056,1530.244286,0.120189875,0.122231556,0.242421431,-4368.428249,2.570004185,7.142857143,68.71428571,6.15E-08,4901.428571,62.42857143,0.308571429,7.812857143,176.4285714,3035.428571,1530.244286,1.05,1505.184286,140.2857143,167,624.8571429,64,578.8571429,6734.571429,1.434285714,1.958571429,1.51E-05,560
AlCoCr2FeMo0.5Ni,0.153846154,0.307692308,0,0.153846154,0.153846154,0.153846154,0,0.076923077,-10.27218935,14.23307238,0.041591051,1853.610769,0.123669286,0.094748179,0.218417465,-4280.193905,2.568349877,6.461538462,63.69230769,8.32E-08,5334.615385,47.07692308,0.282307692,7.615384615,117.4615385,3177.846154,1853.610769,1.020384615,1324.235385,160.1538462,217.3076923,788.4615385,76.76923077,821.6923077,7354.153846,1.541538462,2.008461538,1.13E-05,864
AlCoCr1.5FeMo0.5Ni,0.166666667,0.25,0,0.166666667,0.166666667,0.166666667,0,0.083333333,-10.83333333,14.5349732,0.042704098,1826.411667,0.126978886,0.097311745,0.224290631,-4371.325293,2.450477966,6.5,64.25,7.95E-08,5284.166667,50.91666667,0.288333333,7.6475,119.4166667,3197.333333,1826.411667,1.022083333,1370.921667,160.1666667,212.1666667,760.8333333,73.58333333,801.8333333,7372,1.531666667,2.004166667,1.18E-05,815
AlCoCrFeMo0.5Ni,0.181818182,0.181818182,0,0.181818182,0.181818182,0.181818182,0,0.090909091,-11.43801653,14.69798668,0.043862465,1794.267273,0.130423243,0.100218297,0.230641539,-4420.83402,2.305654692,6.545454545,64.90909091,7.52E-08,5224.545455,55.45454545,0.295454545,7.685454545,121.7272727,3220.363636,1794.267273,1.024090909,1426.096364,160.1818182,206.0909091,728.1818182,69.81818182,778.3636364,7393.090909,1.52,1.999090909,1.25E-05,770
AlCoCrFeMo0.5Ni,0.181818182,0.181818182,0,0.181818182,0.181818182,0.181818182,0,0.090909091,-11.43801653,14.69798668,0.043862465,1794.267273,0.130423243,0.100218297,0.230641539,-4420.83402,2.305654692,6.545454545,64.90909091,7.52E-08,5224.545455,55.45454545,0.295454545,7.685454545,121.7272727,3220.363636,1794.267273,1.024090909,1426.096364,160.1818182,206.0909091,728.1818182,69.81818182,778.3636364,7393.090909,1.52,1.999090909,1.25E-05,730
AlCoCrFeMo0.5Ni,0.181818182,0.181818182,0,0.181818182,0.181818182,0.181818182,0,0.090909091,-11.43801653,14.69798668,0.043862465,1794.267273,0.130423243,0.100218297,0.230641539,-4420.83402,2.305654692,6.545454545,64.90909091,7.52E-08,5224.545455,55.45454545,0.295454545,7.685454545,121.7272727,3220.363636,1794.267273,1.024090909,1426.096364,160.1818182,206.0909091,728.1818182,69.81818182,778.3636364,7393.090909,1.52,1.999090909,1.25E-05,725
AlCoCrFeMo0.5Ni,0.181818182,0.181818182,0,0.181818182,0.181818182,0.181818182,0,0.090909091,-11.43801653,14.69798668,0.043862465,1794.267273,0.130423243,0.100218297,0.230641539,-4420.83402,2.305654692,6.545454545,64.90909091,7.52E-08,5224.545455,55.45454545,0.295454545,7.685454545,121.7272727,3220.363636,1794.267273,1.024090909,1426.096364,160.1818182,206.0909091,728.1818182,69.81818182,778.3636364,7393.090909,1.52,1.999090909,1.25E-05,720
AlCoCr0.5FeMo0.5Ni,0.2,0.1,0,0.2,0.2,0.2,0,0.1,-12.08,14.53424062,0.045042641,1755.694,0.133932447,0.103553807,0.237486254,-4372.352187,2.11239065,6.6,65.7,7.00E-08,5153,60.9,0.304,7.731,124.5,3248,1755.694,1.0265,1492.306,160.2,198.8,689,65.3,750.2,7418.4,1.506,1.993,1.32E-05,612
AlCoCrFe1.5Mo0.5Ni,0.166666667,0.166666667,0,0.25,0.166666667,0.166666667,0,0.083333333,-10.5,14.5349732,0.042704098,1795.661667,0.126978886,0.09807406,0.225052946,-4370.99196,2.48570421,6.666666667,64.58333333,7.73E-08,5198.333333,56.25,0.295,7.635833333,118.25,3213.166667,1795.661667,1.022083333,1417.505,161,206.5,708.3333333,70.83333333,764.1666667,7433.166667,1.523333333,2.0025,1.24E-05,640
AlCo1.5CrFeMo0.5Ni,0.166666667,0.166666667,0,0.166666667,0.25,0.166666667,0,0.083333333,-11.08333333,14.5349732,0.042059231,1792.078333,0.125061399,0.100396448,0.225457847,-4371.575293,2.350178395,6.75,64.83333333,7.39E-08,5182.5,56.41666667,0.296666667,7.600833333,119.9166667,3218.666667,1792.078333,1.022083333,1426.588333,161.8333333,206.3333333,725.8333333,70.25,800.4166667,7518.666667,1.52,1.999166667,1.25E-05,711
AlCoCrFeMo0.5Ni1.5,0.166666667,0.166666667,0,0.166666667,0.166666667,0.25,0,0.083333333,-11.52777778,14.5349732,0.042059231,1788.745,0.125061399,0.101585788,0.226647187,-4372.019738,2.255366224,6.833333333,65.08333333,7.49E-08,5203.333333,56.83333333,0.296666667,7.594166667,119.1666667,3217.5,1788.745,1.022083333,1428.755,161.8333333,205.5833333,725.8333333,70.33333333,766.6666667,7519.333333,1.5175,1.996666667,1.26E-05,627
AlCoCrFe2Mo0.5Ni,0.153846154,0.153846154,0,0.307692308,0.153846154,0.153846154,0,0.076923077,-9.704142012,14.23307238,0.041591051,1796.841538,0.123669286,0.096141198,0.219810484,-4279.625858,2.635428835,6.769230769,64.30769231,7.90E-08,5176.153846,56.92307692,0.294615385,7.593846154,115.3076923,3207.076923,1796.841538,1.020384615,1410.235385,161.6923077,206.8461538,691.5384615,71.69230769,752.1538462,7467.076923,1.526153846,2.005384615,1.24E-05,650
AlCo2CrFeMo0.5Ni,0.153846154,0.153846154,0,0.153846154,0.307692308,0.153846154,0,0.076923077,-10.69822485,14.23307238,0.040461351,1790.226154,0.120310169,0.100226197,0.220536366,-4280.61994,2.381742652,6.923076923,64.76923077,7.28E-08,5146.923077,57.23076923,0.297692308,7.529230769,118.3846154,3217.230769,1790.226154,1.020384615,1427.004615,163.2307692,206.5384615,723.8461538,70.61538462,819.0769231,7624.923077,1.52,1.999230769,1.26E-05,596
AlCoCrFeMo0.5Ni2,0.153846154,0.153846154,0,0.153846154,0.153846154,0.307692308,0,0.076923077,-11.4556213,14.23307238,0.040461351,1784.072308,0.120310169,0.10223842,0.222548589,-4281.377337,2.216626198,7.076923077,65.23076923,7.47E-08,5185.384615,58,0.297692308,7.516923077,117,3215.076923,1784.072308,1.020384615,1431.004615,163.2307692,205.1538462,723.8461538,70.76923077,756.7692308,7626.153846,1.515384615,1.994615385,1.26E-05,404
Al0.5CoCrFeMo0.5Ni,0.1,0.2,0,0.2,0.2,0.2,0,0.1,-8.68,14.53424062,0.037219121,1880.347,0.11066953,0.093700692,0.204370222,-4368.952187,3.148550202,6.9,63.4,8.00E-08,5237,53.9,0.29,7.454,110.4,3263.2,1880.347,1.009,1382.853,168.6,219.7,776.5,74.2,839.5,7862.4,1.554,2.015,1.14E-05,440
AlCoCrCu0.5FeNi,0.181818182,0.181818182,0,0.181818182,0.181818182,0.181818182,0.090909091,0,-7.933884298,14.69798668,0.038683924,1654.428182,0.107020762,0.116373966,0.223394728,-4417.329888,3.064925384,7.545454545,66.36363636,7.17E-08,4986.363636,58.36363636,0.298181818,7.479090909,145.4545455,3064.727273,1654.428182,1.031818182,1410.299091,152,188,671.2727273,72.36363636,672.8181818,7269.454545,1.479090909,1.98,1.35E-05,458
AlCoCrCuFeNi0.5,0.181818182,0.181818182,0,0.181818182,0.181818182,0.090909091,0.181818182,0,-3.900826446,14.69798668,0.038683924,1620.770909,0.107020762,0.118508976,0.225529738,-4413.29683,6.106928765,7.636363636,66.81818182,6.68E-08,4859.090909,60,0.300909091,7.526363636,173.5454545,3066,1620.770909,1.031818182,1445.229091,148.3636364,181.6363636,687.0909091,69.81818182,648.3636364,7270.545455,1.475454545,1.979090909,1.38E-05,423
AlCo0.5CrCuFeNi,0.181818182,0.181818182,0,0.181818182,0.090909091,0.181818182,0.181818182,0,-4.495867769,14.69798668,0.038683924,1617.134545,0.107020762,0.119609593,0.226630355,-4413.891872,5.286770704,7.727272727,67.09090909,6.79E-08,4881.818182,60.45454545,0.300909091,7.519090909,172.7272727,3064.727273,1617.134545,1.031818182,1447.592727,148.3636364,180.8181818,687.0909091,69.90909091,611.5454545,7271.272727,1.472727273,1.976363636,1.39E-05,473
AlCoCrCuFe0.5Ni,0.181818182,0.181818182,0,0.090909091,0.181818182,0.181818182,0.181818182,0,-5.553719008,14.69798668,0.037008281,1613.225455,0.102385023,0.119934502,0.222319525,-4414.949723,4.269421302,7.818181818,67.36363636,6.42E-08,4864.545455,60.63636364,0.302727273,7.480909091,174.5454545,3070.727273,1613.225455,1.031818182,1457.501818,149.2727273,180.6363636,706.1818182,69.27272727,651.0909091,7364.545455,1.469090909,1.972727273,1.40E-05,418
AlCoCrCuFeNi,0.166666667,0.166666667,0,0.166666667,0.166666667,0.166666667,0.166666667,0,-4.777777778,14.89751713,0.037037037,1629.706667,0.102464578,0.118490338,0.220954917,-4474.032916,5.081563879,7.833333333,66.83333333,6.72E-08,4868.333333,61,0.301666667,7.448333333,166.6666667,3076,1629.706667,1.029166667,1446.293333,151,183.1666667,688.1666667,70.33333333,647.5,7407,1.476666667,1.978333333,1.38E-05,416
AlCoCrCuFeNi,0.166666667,0.166666667,0,0.166666667,0.166666667,0.166666667,0.166666667,0,-4.777777778,14.89751713,0.037037037,1629.706667,0.102464578,0.118490338,0.220954917,-4474.032916,5.081563879,7.833333333,66.83333333,6.72E-08,4868.333333,61,0.301666667,7.448333333,166.6666667,3076,1629.706667,1.029166667,1446.293333,151,183.1666667,688.1666667,70.33333333,647.5,7407,1.476666667,1.978333333,1.38E-05,420
AlCoCrCuFeNi,0.166666667,0.166666667,0,0.166666667,0.166666667,0.166666667,0.166666667,0,-4.777777778,14.89751713,0.037037037,1629.706667,0.102464578,0.118490338,0.220954917,-4474.032916,5.081563879,7.833333333,66.83333333,6.72E-08,4868.333333,61,0.301666667,7.448333333,166.6666667,3076,1629.706667,1.029166667,1446.293333,151,183.1666667,688.1666667,70.33333333,647.5,7407,1.476666667,1.978333333,1.38E-05,350
AlCoCr0.5CuFeNi,0.181818182,0.090909091,0,0.181818182,0.181818182,0.181818182,0.181818182,0,-5.024793388,14.69798668,0.037008281,1579.68,0.102385023,0.120325169,0.222710192,-4414.420797,4.620710505,8,67.72727273,6.18E-08,4770.909091,66.45454545,0.31,7.468181818,173.2727273,3088,1579.68,1.031818182,1508.32,150.1818182,174.4545455,648.9090909,66.27272727,610,7431.272727,1.46,1.970909091,1.46E-05,367
Al0.5CoCrCuFeNi,0.090909091,0.181818182,0,0.181818182,0.181818182,0.181818182,0.181818182,0,-1.520661157,14.69798668,0.03065268,1693.000909,0.084801977,0.114369204,0.199171181,-4410.916665,16.36374066,8.272727273,65.63636364,7.09E-08,4847.272727,60.09090909,0.297272727,7.216363636,160.4545455,3101.818182,1693.000909,1.015909091,1408.817273,157.8181818,193.4545455,728.4545455,74.36363636,691.1818182,7834.909091,1.503636364,1.990909091,1.29E-05,208
Al0.5CoCrCuFeNi,0.090909091,0.181818182,0,0.181818182,0.181818182,0.181818182,0.181818182,0,-1.520661157,14.69798668,0.03065268,1693.000909,0.084801977,0.114369204,0.199171181,-4410.916665,16.36374066,8.272727273,65.63636364,7.09E-08,4847.272727,60.09090909,0.297272727,7.216363636,160.4545455,3101.818182,1693.000909,1.015909091,1408.817273,157.8181818,193.4545455,728.4545455,74.36363636,691.1818182,7834.909091,1.503636364,1.990909091,1.29E-05,208
Al0.5CoCrCuFeNi,0.090909091,0.181818182,0,0.181818182,0.181818182,0.181818182,0.181818182,0,-1.520661157,14.69798668,0.03065268,1693.000909,0.084801977,0.114369204,0.199171181,-4410.916665,16.36374066,8.272727273,65.63636364,7.09E-08,4847.272727,60.09090909,0.297272727,7.216363636,160.4545455,3101.818182,1693.000909,1.015909091,1408.817273,157.8181818,193.4545455,728.4545455,74.36363636,691.1818182,7834.909091,1.503636364,1.990909091,1.29E-05,225
