Vgs,Ids,finger,width
0.0,7.140389508501531e-28,2.0,25.0
0.025,1.9587559841633016e-26,2.0,25.0
0.05,5.373271305336197e-25,2.0,25.0
0.075,1.473999046036492e-23,2.0,25.0
0.1,4.04348313020932e-22,2.0,25.0
0.125,1.1092107466589631e-20,2.0,25.0
0.15,3.042793653104834e-19,2.0,25.0
0.175,8.347010018846943e-18,2.0,25.0
0.2,2.289756854975626e-16,2.0,25.0
0.225,6.28127490331216e-15,2.0,25.0
0.25,1.7230831441879922e-13,2.0,25.0
0.275,4.7267721401733355e-12,2.0,25.0
0.3,1.2966510024994027e-10,2.0,25.0
0.325,3.5569808911330462e-09,2.0,25.0
0.35,9.757530852724473e-08,2.0,25.0
0.375,2.6766863788758237e-06,2.0,25.0
0.4,5.114667612305455e-05,2.0,25.0
0.425,0.0002468050776193894,2.0,25.0
0.45,0.0006697757802087645,2.0,25.0
0.475,0.0013711103609852498,2.0,25.0
0.5,0.0023645635401338084,2.0,25.0
0.525,0.003624802389876189,2.0,25.0
0.55,0.005090968710546679,2.0,25.0
0.575,0.006675048206982316,2.0,25.0
0.6,0.008283782971044837,2.0,25.0
0.625,0.0098885436605701,2.0,25.0
0.65,0.011489248788008551,2.0,25.0
0.675,0.01308591370782421,2.0,25.0
0.7,0.01467855369706892,2.0,25.0
0.725,0.0162671839558696,2.0,25.0
0.75,0.017851819607911802,2.0,25.0
0.775,0.01940622928547589,2.0,25.0
0.8,0.020879856525964878,2.0,25.0
0.825,0.022268357129868285,2.0,25.0
0.85,0.023571750451706276,2.0,25.0
0.875,0.024790387453484698,2.0,25.0
0.9,0.02592467870846716,2.0,25.0
0.925,0.026975035651952826,2.0,25.0
0.95,0.02794185172634192,2.0,25.0
0.975,0.028825494935218052,2.0,25.0
1.0,0.029626304523738014,2.0,25.0
1.025,0.030344589394411273,2.0,25.0
1.05,0.03098062733135061,2.0,25.0
1.075,0.03153466462775925,2.0,25.0
1.1,0.032006915922520945,2.0,25.0
1.125,0.03239756414593046,2.0,25.0
1.15,0.03270676051999226,2.0,25.0
1.175,0.032934624582015425,2.0,25.0
1.2,0.03308124421283297,2.0,25.0
0.0,1.4280779017003063e-27,2.0,50.0
0.025,3.917511968326603e-26,2.0,50.0
0.05,1.0746542610672395e-24,2.0,50.0
0.075,2.947998092072984e-23,2.0,50.0
0.1,8.08696626041864e-22,2.0,50.0
0.125,2.2184214933179262e-20,2.0,50.0
0.15,6.085587306209668e-19,2.0,50.0
0.175,1.6694020037693885e-17,2.0,50.0
0.2,4.579513709951252e-16,2.0,50.0
0.225,1.256254980662432e-14,2.0,50.0
0.25,3.4461662883759845e-13,2.0,50.0
0.275,9.453544280346671e-12,2.0,50.0
0.3,2.5933020049988053e-10,2.0,50.0
0.325,7.1139617822660925e-09,2.0,50.0
0.35,1.9515061705448946e-07,2.0,50.0
0.375,5.353372757751647e-06,2.0,50.0
0.4,0.0001022933522461091,2.0,50.0
0.425,0.0004936101552387788,2.0,50.0
0.45,0.001339551560417529,2.0,50.0
0.475,0.0027422207219704995,2.0,50.0
0.5,0.004729127080267617,2.0,50.0
0.525,0.007249604779752378,2.0,50.0
0.55,0.010181937421093358,2.0,50.0
0.575,0.013350096413964632,2.0,50.0
0.6,0.016567565942089673,2.0,50.0
0.625,0.0197770873211402,2.0,50.0
0.65,0.022978497576017103,2.0,50.0
0.675,0.02617182741564842,2.0,50.0
0.7,0.02935710739413784,2.0,50.0
0.725,0.0325343679117392,2.0,50.0
0.75,0.035703639215823604,2.0,50.0
0.775,0.03881245857095178,2.0,50.0
0.8,0.041759713051929756,2.0,50.0
0.825,0.04453671425973657,2.0,50.0
0.85,0.04714350090341255,2.0,50.0
0.875,0.049580774906969396,2.0,50.0
0.9,0.05184935741693432,2.0,50.0
0.925,0.05395007130390565,2.0,50.0
0.95,0.05588370345268384,2.0,50.0
0.975,0.057650989870436105,2.0,50.0
1.0,0.05925260904747603,2.0,50.0
1.025,0.060689178788822545,2.0,50.0
1.05,0.06196125466270122,2.0,50.0
1.075,0.0630693292555185,2.0,50.0
1.1,0.06401383184504189,2.0,50.0
1.125,0.06479512829186092,2.0,50.0
1.15,0.06541352103998452,2.0,50.0
1.175,0.06586924916403085,2.0,50.0
1.2,0.06616248842566594,2.0,50.0
0.0,2.14211685255049e-27,2.0,75.0
0.025,5.876267952489948e-26,2.0,75.0
0.05,1.6119813916008823e-24,2.0,75.0
0.075,4.4219971381095074e-23,2.0,75.0
0.1,1.2130449390628052e-21,2.0,75.0
0.125,3.327632239976937e-20,2.0,75.0
0.15,9.128380959314567e-19,2.0,75.0
0.175,2.5041030056540917e-17,2.0,75.0
0.2,6.869270564926928e-16,2.0,75.0
0.225,1.8843824709936553e-14,2.0,75.0
0.25,5.169249432563998e-13,2.0,75.0
0.275,1.4180316420520062e-11,2.0,75.0
0.3,3.8899530074982217e-10,2.0,75.0
0.325,1.067094267339916e-08,2.0,75.0
0.35,2.927259255817345e-07,2.0,75.0
0.375,8.030059136627476e-06,2.0,75.0
0.4,0.00015344002836916368,2.0,75.0
0.425,0.0007404152328581681,2.0,75.0
0.45,0.0020093273406262937,2.0,75.0
0.475,0.0041133310829557495,2.0,75.0
0.5,0.007093690620401426,2.0,75.0
0.525,0.010874407169628567,2.0,75.0
0.55,0.015272906131640037,2.0,75.0
0.575,0.020025144620946952,2.0,75.0
0.6,0.02485134891313451,2.0,75.0
0.625,0.02966563098171031,2.0,75.0
0.65,0.03446774636402566,2.0,75.0
0.675,0.03925774112347264,2.0,75.0
0.7,0.04403566109120677,2.0,75.0
0.725,0.048801551867608796,2.0,75.0
0.75,0.05355545882373542,2.0,75.0
0.775,0.05821868785642769,2.0,75.0
0.8,0.06263956957789464,2.0,75.0
0.825,0.06680507138960486,2.0,75.0
0.85,0.07071525135511883,2.0,75.0
0.875,0.07437116236045409,2.0,75.0
0.9,0.07777403612540147,2.0,75.0
0.925,0.0809251069558585,2.0,75.0
0.95,0.08382555517902576,2.0,75.0
0.975,0.08647648480565415,2.0,75.0
1.0,0.08887891357121407,2.0,75.0
1.025,0.09103376818323383,2.0,75.0
1.05,0.09294188199405184,2.0,75.0
1.075,0.09460399388327778,2.0,75.0
1.1,0.09602074776756285,2.0,75.0
1.125,0.09719269243779138,2.0,75.0
1.15,0.09812028155997678,2.0,75.0
1.175,0.09880387374604631,2.0,75.0
1.2,0.09924373263849894,2.0,75.0
0.0,2.8561558034006125e-27,2.0,100.0
0.025,7.835023936653206e-26,2.0,100.0
0.05,2.149308522134479e-24,2.0,100.0
0.075,5.895996184145968e-23,2.0,100.0
0.1,1.617393252083728e-21,2.0,100.0
0.125,4.4368429866358524e-20,2.0,100.0
0.15,1.2171174612419337e-18,2.0,100.0
0.175,3.338804007538777e-17,2.0,100.0
0.2,9.159027419902504e-16,2.0,100.0
0.225,2.512509961324864e-14,2.0,100.0
0.25,6.892332576751969e-13,2.0,100.0
0.275,1.8907088560693342e-11,2.0,100.0
0.3,5.186604009997611e-10,2.0,100.0
0.325,1.4227923564532185e-08,2.0,100.0
0.35,3.903012341089789e-07,2.0,100.0
0.375,1.0706745515503295e-05,2.0,100.0
0.4,0.0002045867044922182,2.0,100.0
0.425,0.0009872203104775575,2.0,100.0
0.45,0.002679103120835058,2.0,100.0
0.475,0.005484441443940999,2.0,100.0
0.5,0.009458254160535234,2.0,100.0
0.525,0.014499209559504756,2.0,100.0
0.55,0.020363874842186717,2.0,100.0
0.575,0.026700192827929264,2.0,100.0
0.6,0.033135131884179346,2.0,100.0
0.625,0.0395541746422804,2.0,100.0
0.65,0.045956995152034205,2.0,100.0
0.675,0.05234365483129684,2.0,100.0
0.7,0.05871421478827568,2.0,100.0
0.725,0.0650687358234784,2.0,100.0
0.75,0.07140727843164721,2.0,100.0
0.775,0.07762491714190356,2.0,100.0
0.8,0.08351942610385951,2.0,100.0
0.825,0.08907342851947314,2.0,100.0
0.85,0.0942870018068251,2.0,100.0
0.875,0.09916154981393879,2.0,100.0
0.9,0.10369871483386864,2.0,100.0
0.925,0.1079001426078113,2.0,100.0
0.95,0.11176740690536768,2.0,100.0
0.975,0.11530197974087221,2.0,100.0
1.0,0.11850521809495206,2.0,100.0
1.025,0.12137835757764509,2.0,100.0
1.05,0.12392250932540244,2.0,100.0
1.075,0.126138658511037,2.0,100.0
1.1,0.12802766369008378,2.0,100.0
1.125,0.12959025658372184,2.0,100.0
1.15,0.13082704207996904,2.0,100.0
1.175,0.1317384983280617,2.0,100.0
1.2,0.13232497685133188,2.0,100.0
0.0,4.28423370510098e-27,2.0,150.0
0.025,1.1752535904979896e-25,2.0,150.0
0.05,3.2239627832017647e-24,2.0,150.0
0.075,8.843994276219015e-23,2.0,150.0
0.1,2.4260898781256105e-21,2.0,150.0
0.125,6.655264479953874e-20,2.0,150.0
0.15,1.8256761918629133e-18,2.0,150.0
0.175,5.0082060113081834e-17,2.0,150.0
0.2,1.3738541129853856e-15,2.0,150.0
0.225,3.7687649419873106e-14,2.0,150.0
0.25,1.0338498865127995e-12,2.0,150.0
0.275,2.8360632841040123e-11,2.0,150.0
0.3,7.779906014996443e-10,2.0,150.0
0.325,2.134188534679832e-08,2.0,150.0
0.35,5.85451851163469e-07,2.0,150.0
0.375,1.606011827325495e-05,2.0,150.0
0.4,0.00030688005673832735,2.0,150.0
0.425,0.0014808304657163362,2.0,150.0
0.45,0.004018654681252587,2.0,150.0
0.475,0.008226662165911499,2.0,150.0
0.5,0.014187381240802852,2.0,150.0
0.525,0.021748814339257135,2.0,150.0
0.55,0.030545812263280073,2.0,150.0
0.575,0.040050289241893904,2.0,150.0
0.6,0.04970269782626902,2.0,150.0
0.625,0.05933126196342062,2.0,150.0
0.65,0.06893549272805131,2.0,150.0
0.675,0.07851548224694528,2.0,150.0
0.7,0.08807132218241354,2.0,150.0
0.725,0.09760310373521759,2.0,150.0
0.75,0.10711091764747084,2.0,150.0
0.775,0.11643737571285538,2.0,150.0
0.8,0.12527913915578928,2.0,150.0
0.825,0.1336101427792097,2.0,150.0
0.85,0.14143050271023766,2.0,150.0
0.875,0.14874232472090818,2.0,150.0
0.9,0.15554807225080294,2.0,150.0
0.925,0.161850213911717,2.0,150.0
0.95,0.16765111035805152,2.0,150.0
0.975,0.1729529696113083,2.0,150.0
1.0,0.17775782714242813,2.0,150.0
1.025,0.18206753636646766,2.0,150.0
1.05,0.1858837639881037,2.0,150.0
1.075,0.18920798776655556,2.0,150.0
1.1,0.1920414955351257,2.0,150.0
1.125,0.19438538487558277,2.0,150.0
1.15,0.19624056311995355,2.0,150.0
1.175,0.19760774749209262,2.0,150.0
1.2,0.19848746527699787,2.0,150.0
0.0,1.4280779017003063e-27,4.0,25.0
0.025,3.917511968326603e-26,4.0,25.0
0.05,1.0746542610672395e-24,4.0,25.0
0.075,2.947998092072984e-23,4.0,25.0
0.1,8.08696626041864e-22,4.0,25.0
0.125,2.2184214933179262e-20,4.0,25.0
0.15,6.085587306209668e-19,4.0,25.0
0.175,1.6694020037693885e-17,4.0,25.0
0.2,4.579513709951252e-16,4.0,25.0
0.225,1.256254980662432e-14,4.0,25.0
0.25,3.4461662883759845e-13,4.0,25.0
0.275,9.453544280346671e-12,4.0,25.0
0.3,2.5933020049988053e-10,4.0,25.0
0.325,7.1139617822660925e-09,4.0,25.0
0.35,1.9515061705448946e-07,4.0,25.0
0.375,5.353372757751647e-06,4.0,25.0
0.4,0.0001022933522461091,4.0,25.0
0.425,0.0004936101552387788,4.0,25.0
0.45,0.001339551560417529,4.0,25.0
0.475,0.0027422207219704995,4.0,25.0
0.5,0.004729127080267617,4.0,25.0
0.525,0.007249604779752378,4.0,25.0
0.55,0.010181937421093358,4.0,25.0
0.575,0.013350096413964632,4.0,25.0
0.6,0.016567565942089673,4.0,25.0
0.625,0.0197770873211402,4.0,25.0
0.65,0.022978497576017103,4.0,25.0
0.675,0.02617182741564842,4.0,25.0
0.7,0.02935710739413784,4.0,25.0
0.725,0.0325343679117392,4.0,25.0
0.75,0.035703639215823604,4.0,25.0
0.775,0.03881245857095178,4.0,25.0
0.8,0.041759713051929756,4.0,25.0
0.825,0.04453671425973657,4.0,25.0
0.85,0.04714350090341255,4.0,25.0
0.875,0.049580774906969396,4.0,25.0
0.9,0.05184935741693432,4.0,25.0
0.925,0.05395007130390565,4.0,25.0
0.95,0.05588370345268384,4.0,25.0
0.975,0.057650989870436105,4.0,25.0
1.0,0.05925260904747603,4.0,25.0
1.025,0.060689178788822545,4.0,25.0
1.05,0.06196125466270122,4.0,25.0
1.075,0.0630693292555185,4.0,25.0
1.1,0.06401383184504189,4.0,25.0
1.125,0.06479512829186092,4.0,25.0
1.15,0.06541352103998452,4.0,25.0
1.175,0.06586924916403085,4.0,25.0
1.2,0.06616248842566594,4.0,25.0
0.0,2.8561558034006125e-27,4.0,50.0
0.025,7.835023936653206e-26,4.0,50.0
0.05,2.149308522134479e-24,4.0,50.0
0.075,5.895996184145968e-23,4.0,50.0
0.1,1.617393252083728e-21,4.0,50.0
0.125,4.4368429866358524e-20,4.0,50.0
0.15,1.2171174612419337e-18,4.0,50.0
0.175,3.338804007538777e-17,4.0,50.0
0.2,9.159027419902504e-16,4.0,50.0
0.225,2.512509961324864e-14,4.0,50.0
0.25,6.892332576751969e-13,4.0,50.0
0.275,1.8907088560693342e-11,4.0,50.0
0.3,5.186604009997611e-10,4.0,50.0
0.325,1.4227923564532185e-08,4.0,50.0
0.35,3.903012341089789e-07,4.0,50.0
0.375,1.0706745515503295e-05,4.0,50.0
0.4,0.0002045867044922182,4.0,50.0
0.425,0.0009872203104775575,4.0,50.0
0.45,0.002679103120835058,4.0,50.0
0.475,0.005484441443940999,4.0,50.0
0.5,0.009458254160535234,4.0,50.0
0.525,0.014499209559504756,4.0,50.0
0.55,0.020363874842186717,4.0,50.0
0.575,0.026700192827929264,4.0,50.0
0.6,0.033135131884179346,4.0,50.0
0.625,0.0395541746422804,4.0,50.0
0.65,0.045956995152034205,4.0,50.0
0.675,0.05234365483129684,4.0,50.0
0.7,0.05871421478827568,4.0,50.0
0.725,0.0650687358234784,4.0,50.0
0.75,0.07140727843164721,4.0,50.0
0.775,0.07762491714190356,4.0,50.0
0.8,0.08351942610385951,4.0,50.0
0.825,0.08907342851947314,4.0,50.0
0.85,0.0942870018068251,4.0,50.0
0.875,0.09916154981393879,4.0,50.0
0.9,0.10369871483386864,4.0,50.0
0.925,0.1079001426078113,4.0,50.0
0.95,0.11176740690536768,4.0,50.0
0.975,0.11530197974087221,4.0,50.0
1.0,0.11850521809495206,4.0,50.0
1.025,0.12137835757764509,4.0,50.0
1.05,0.12392250932540244,4.0,50.0
1.075,0.126138658511037,4.0,50.0
1.1,0.12802766369008378,4.0,50.0
1.125,0.12959025658372184,4.0,50.0
1.15,0.13082704207996904,4.0,50.0
1.175,0.1317384983280617,4.0,50.0
1.2,0.13232497685133188,4.0,50.0
0.0,4.28423370510098e-27,4.0,75.0
0.025,1.1752535904979896e-25,4.0,75.0
0.05,3.2239627832017647e-24,4.0,75.0
0.075,8.843994276219015e-23,4.0,75.0
0.1,2.4260898781256105e-21,4.0,75.0
0.125,6.655264479953874e-20,4.0,75.0
0.15,1.8256761918629133e-18,4.0,75.0
0.175,5.0082060113081834e-17,4.0,75.0
0.2,1.3738541129853856e-15,4.0,75.0
0.225,3.7687649419873106e-14,4.0,75.0
0.25,1.0338498865127995e-12,4.0,75.0
0.275,2.8360632841040123e-11,4.0,75.0
0.3,7.779906014996443e-10,4.0,75.0
0.325,2.134188534679832e-08,4.0,75.0
0.35,5.85451851163469e-07,4.0,75.0
0.375,1.606011827325495e-05,4.0,75.0
0.4,0.00030688005673832735,4.0,75.0
0.425,0.0014808304657163362,4.0,75.0
0.45,0.004018654681252587,4.0,75.0
0.475,0.008226662165911499,4.0,75.0
0.5,0.014187381240802852,4.0,75.0
0.525,0.021748814339257135,4.0,75.0
0.55,0.030545812263280073,4.0,75.0
0.575,0.040050289241893904,4.0,75.0
0.6,0.04970269782626902,4.0,75.0
0.625,0.05933126196342062,4.0,75.0
0.65,0.06893549272805131,4.0,75.0
0.675,0.07851548224694528,4.0,75.0
0.7,0.08807132218241354,4.0,75.0
0.725,0.09760310373521759,4.0,75.0
0.75,0.10711091764747084,4.0,75.0
0.775,0.11643737571285538,4.0,75.0
0.8,0.12527913915578928,4.0,75.0
0.825,0.1336101427792097,4.0,75.0
0.85,0.14143050271023766,4.0,75.0
0.875,0.14874232472090818,4.0,75.0
0.9,0.15554807225080294,4.0,75.0
0.925,0.161850213911717,4.0,75.0
0.95,0.16765111035805152,4.0,75.0
0.975,0.1729529696113083,4.0,75.0
1.0,0.17775782714242813,4.0,75.0
1.025,0.18206753636646766,4.0,75.0
1.05,0.1858837639881037,4.0,75.0
1.075,0.18920798776655556,4.0,75.0
1.1,0.1920414955351257,4.0,75.0
1.125,0.19438538487558277,4.0,75.0
1.15,0.19624056311995355,4.0,75.0
1.175,0.19760774749209262,4.0,75.0
1.2,0.19848746527699787,4.0,75.0
0.0,5.712311606801225e-27,4.0,100.0
0.025,1.5670047873306413e-25,4.0,100.0
0.05,4.298617044268958e-24,4.0,100.0
0.075,1.1791992368291935e-22,4.0,100.0
0.1,3.234786504167456e-21,4.0,100.0
0.125,8.873685973271705e-20,4.0,100.0
0.15,2.4342349224838673e-18,4.0,100.0
0.175,6.677608015077554e-17,4.0,100.0
0.2,1.8318054839805007e-15,4.0,100.0
0.225,5.025019922649728e-14,4.0,100.0
0.25,1.3784665153503938e-12,4.0,100.0
0.275,3.7814177121386684e-11,4.0,100.0
0.3,1.0373208019995221e-09,4.0,100.0
0.325,2.845584712906437e-08,4.0,100.0
0.35,7.806024682179578e-07,4.0,100.0
0.375,2.141349103100659e-05,4.0,100.0
0.4,0.0004091734089844364,4.0,100.0
0.425,0.001974440620955115,4.0,100.0
0.45,0.005358206241670116,4.0,100.0
0.475,0.010968882887881998,4.0,100.0
0.5,0.018916508321070467,4.0,100.0
0.525,0.02899841911900951,4.0,100.0
0.55,0.040727749684373434,4.0,100.0
0.575,0.05340038565585853,4.0,100.0
0.6,0.06627026376835869,4.0,100.0
0.625,0.0791083492845608,4.0,100.0
0.65,0.09191399030406841,4.0,100.0
0.675,0.10468730966259368,4.0,100.0
0.7,0.11742842957655136,4.0,100.0
0.725,0.1301374716469568,4.0,100.0
0.75,0.14281455686329442,4.0,100.0
0.775,0.15524983428380712,4.0,100.0
0.8,0.16703885220771902,4.0,100.0
0.825,0.17814685703894628,4.0,100.0
0.85,0.1885740036136502,4.0,100.0
0.875,0.19832309962787759,4.0,100.0
0.9,0.20739742966773728,4.0,100.0
0.925,0.2158002852156226,4.0,100.0
0.95,0.22353481381073537,4.0,100.0
0.975,0.23060395948174442,4.0,100.0
1.0,0.2370104361899041,4.0,100.0
1.025,0.24275671515529018,4.0,100.0
1.05,0.24784501865080488,4.0,100.0
1.075,0.252277317022074,4.0,100.0
1.1,0.25605532738016756,4.0,100.0
1.125,0.25918051316744367,4.0,100.0
1.15,0.26165408415993807,4.0,100.0
1.175,0.2634769966561234,4.0,100.0
1.2,0.26464995370266375,4.0,100.0
0.0,8.56846741020196e-27,4.0,150.0
0.025,2.3505071809959793e-25,4.0,150.0
0.05,6.4479255664035294e-24,4.0,150.0
0.075,1.768798855243803e-22,4.0,150.0
0.1,4.852179756251221e-21,4.0,150.0
0.125,1.3310528959907749e-19,4.0,150.0
0.15,3.6513523837258266e-18,4.0,150.0
0.175,1.0016412022616367e-16,4.0,150.0
0.2,2.7477082259707712e-15,4.0,150.0
0.225,7.537529883974621e-14,4.0,150.0
0.25,2.067699773025599e-12,4.0,150.0
0.275,5.6721265682080246e-11,4.0,150.0
0.3,1.5559812029992887e-09,4.0,150.0
0.325,4.268377069359664e-08,4.0,150.0
0.35,1.170903702326938e-06,4.0,150.0
0.375,3.21202365465099e-05,4.0,150.0
0.4,0.0006137601134766547,4.0,150.0
0.425,0.0029616609314326724,4.0,150.0
0.45,0.008037309362505175,4.0,150.0
0.475,0.016453324331822998,4.0,150.0
0.5,0.028374762481605705,4.0,150.0
0.525,0.04349762867851427,4.0,150.0
0.55,0.06109162452656015,4.0,150.0
0.575,0.08010057848378781,4.0,150.0
0.6,0.09940539565253804,4.0,150.0
0.625,0.11866252392684123,4.0,150.0
0.65,0.13787098545610263,4.0,150.0
0.675,0.15703096449389056,4.0,150.0
0.7,0.17614264436482707,4.0,150.0
0.725,0.19520620747043518,4.0,150.0
0.75,0.21422183529494168,4.0,150.0
0.775,0.23287475142571076,4.0,150.0
0.8,0.25055827831157856,4.0,150.0
0.825,0.2672202855584194,4.0,150.0
0.85,0.2828610054204753,4.0,150.0
0.875,0.29748464944181635,4.0,150.0
0.9,0.3110961445016059,4.0,150.0
0.925,0.323700427823434,4.0,150.0
0.95,0.33530222071610305,4.0,150.0
0.975,0.3459059392226166,4.0,150.0
1.0,0.35551565428485626,4.0,150.0
1.025,0.3641350727329353,4.0,150.0
1.05,0.3717675279762074,4.0,150.0
1.075,0.3784159755331111,4.0,150.0
1.1,0.3840829910702514,4.0,150.0
1.125,0.38877076975116553,4.0,150.0
1.15,0.3924811262399071,4.0,150.0
1.175,0.39521549498418523,4.0,150.0
1.2,0.39697493055399574,4.0,150.0
0.0,2.8561558034006125e-27,8.0,25.0
0.025,7.835023936653206e-26,8.0,25.0
0.05,2.149308522134479e-24,8.0,25.0
0.075,5.895996184145968e-23,8.0,25.0
0.1,1.617393252083728e-21,8.0,25.0
0.125,4.4368429866358524e-20,8.0,25.0
0.15,1.2171174612419337e-18,8.0,25.0
0.175,3.338804007538777e-17,8.0,25.0
0.2,9.159027419902504e-16,8.0,25.0
0.225,2.512509961324864e-14,8.0,25.0
0.25,6.892332576751969e-13,8.0,25.0
0.275,1.8907088560693342e-11,8.0,25.0
0.3,5.186604009997611e-10,8.0,25.0
0.325,1.4227923564532185e-08,8.0,25.0
0.35,3.903012341089789e-07,8.0,25.0
0.375,1.0706745515503295e-05,8.0,25.0
0.4,0.0002045867044922182,8.0,25.0
0.425,0.0009872203104775575,8.0,25.0
0.45,0.002679103120835058,8.0,25.0
0.475,0.005484441443940999,8.0,25.0
0.5,0.009458254160535234,8.0,25.0
0.525,0.014499209559504756,8.0,25.0
0.55,0.020363874842186717,8.0,25.0
0.575,0.026700192827929264,8.0,25.0
0.6,0.033135131884179346,8.0,25.0
0.625,0.0395541746422804,8.0,25.0
0.65,0.045956995152034205,8.0,25.0
0.675,0.05234365483129684,8.0,25.0
0.7,0.05871421478827568,8.0,25.0
0.725,0.0650687358234784,8.0,25.0
0.75,0.07140727843164721,8.0,25.0
0.775,0.07762491714190356,8.0,25.0
0.8,0.08351942610385951,8.0,25.0
0.825,0.08907342851947314,8.0,25.0
0.85,0.0942870018068251,8.0,25.0
0.875,0.09916154981393879,8.0,25.0
0.9,0.10369871483386864,8.0,25.0
0.925,0.1079001426078113,8.0,25.0
0.95,0.11176740690536768,8.0,25.0
0.975,0.11530197974087221,8.0,25.0
1.0,0.11850521809495206,8.0,25.0
1.025,0.12137835757764509,8.0,25.0
1.05,0.12392250932540244,8.0,25.0
1.075,0.126138658511037,8.0,25.0
1.1,0.12802766369008378,8.0,25.0
1.125,0.12959025658372184,8.0,25.0
1.15,0.13082704207996904,8.0,25.0
1.175,0.1317384983280617,8.0,25.0
1.2,0.13232497685133188,8.0,25.0
0.0,1.142462321360245e-26,8.0,100.0
0.025,3.1340095746612826e-25,8.0,100.0
0.05,8.597234088537916e-24,8.0,100.0
0.075,2.358398473658387e-22,8.0,100.0
0.1,6.469573008334912e-21,8.0,100.0
0.125,1.774737194654341e-19,8.0,100.0
0.15,4.868469844967735e-18,8.0,100.0
0.175,1.3355216030155108e-16,8.0,100.0
0.2,3.6636109679610014e-15,8.0,100.0
0.225,1.0050039845299456e-13,8.0,100.0
0.25,2.7569330307007876e-12,8.0,100.0
0.275,7.562835424277337e-11,8.0,100.0
0.3,2.0746416039990442e-09,8.0,100.0
0.325,5.691169425812874e-08,8.0,100.0
0.35,1.5612049364359156e-06,8.0,100.0
0.375,4.282698206201318e-05,8.0,100.0
0.4,0.0008183468179688728,8.0,100.0
0.425,0.00394888124191023,8.0,100.0
0.45,0.010716412483340232,8.0,100.0
0.475,0.021937765775763996,8.0,100.0
0.5,0.037833016642140935,8.0,100.0
0.525,0.05799683823801902,8.0,100.0
0.55,0.08145549936874687,8.0,100.0
0.575,0.10680077131171706,8.0,100.0
0.6,0.13254052753671738,8.0,100.0
0.625,0.1582166985691216,8.0,100.0
0.65,0.18382798060813682,8.0,100.0
0.675,0.20937461932518736,8.0,100.0
0.7,0.23485685915310273,8.0,100.0
0.725,0.2602749432939136,8.0,100.0
0.75,0.28562911372658883,8.0,100.0
0.775,0.31049966856761424,8.0,100.0
0.8,0.33407770441543805,8.0,100.0
0.825,0.35629371407789256,8.0,100.0
0.85,0.3771480072273004,8.0,100.0
0.875,0.39664619925575517,8.0,100.0
0.9,0.41479485933547455,8.0,100.0
0.925,0.4316005704312452,8.0,100.0
0.95,0.44706962762147073,8.0,100.0
0.975,0.46120791896348884,8.0,100.0
1.0,0.4740208723798082,8.0,100.0
1.025,0.48551343031058036,8.0,100.0
1.05,0.49569003730160976,8.0,100.0
1.075,0.504554634044148,8.0,100.0
1.1,0.5121106547603351,8.0,100.0
1.125,0.5183610263348873,8.0,100.0
1.15,0.5233081683198761,8.0,100.0
1.175,0.5269539933122468,8.0,100.0
1.2,0.5292999074053275,8.0,100.0
0.0,1.713693482040392e-26,8.0,150.0
0.025,4.7010143619919585e-25,8.0,150.0
0.05,1.2895851132807059e-23,8.0,150.0
0.075,3.537597710487606e-22,8.0,150.0
0.1,9.704359512502442e-21,8.0,150.0
0.125,2.6621057919815497e-19,8.0,150.0
0.15,7.302704767451653e-18,8.0,150.0
0.175,2.0032824045232734e-16,8.0,150.0
0.2,5.4954164519415424e-15,8.0,150.0
0.225,1.5075059767949242e-13,8.0,150.0
0.25,4.135399546051198e-12,8.0,150.0
0.275,1.1344253136416049e-10,8.0,150.0
0.3,3.1119624059985773e-09,8.0,150.0
0.325,8.536754138719328e-08,8.0,150.0
0.35,2.341807404653876e-06,8.0,150.0
0.375,6.42404730930198e-05,8.0,150.0
0.4,0.0012275202269533094,8.0,150.0
0.425,0.005923321862865345,8.0,150.0
0.45,0.01607461872501035,8.0,150.0
0.475,0.032906648663645996,8.0,150.0
0.5,0.05674952496321141,8.0,150.0
0.525,0.08699525735702854,8.0,150.0
0.55,0.1221832490531203,8.0,150.0
0.575,0.16020115696757561,8.0,150.0
0.6,0.1988107913050761,8.0,150.0
0.625,0.23732504785368247,8.0,150.0
0.65,0.27574197091220526,8.0,150.0
0.675,0.3140619289877811,8.0,150.0
0.7,0.35228528872965414,8.0,150.0
0.725,0.39041241494087037,8.0,150.0
0.75,0.42844367058988336,8.0,150.0
0.775,0.4657495028514215,8.0,150.0
0.8,0.5011165566231571,8.0,150.0
0.825,0.5344405711168388,8.0,150.0
0.85,0.5657220108409506,8.0,150.0
0.875,0.5949692988836327,8.0,150.0
0.9,0.6221922890032118,8.0,150.0
0.925,0.647400855646868,8.0,150.0
0.95,0.6706044414322061,8.0,150.0
0.975,0.6918118784452332,8.0,150.0
1.0,0.7110313085697125,8.0,150.0
1.025,0.7282701454658707,8.0,150.0
1.05,0.7435350559524148,8.0,150.0
1.075,0.7568319510662223,8.0,150.0
1.1,0.7681659821405028,8.0,150.0
1.125,0.7775415395023311,8.0,150.0
1.15,0.7849622524798142,8.0,150.0
1.175,0.7904309899683705,8.0,150.0
1.2,0.7939498611079915,8.0,150.0
